img_path,Width,Height
240727_we-went-on_0.jpg,340,255
719b1a493e.jpg,340,453
230622-langkawi-umbrella.jpeg,340,453
ae4a2986aa.jpg,340,254
58f2b47be4.jpg,340,255
34Purpleperiod8.png,340,452
2302_waiting_for_mona.jpg,340,255
bafkreidigdrapkcxz625lixzsyiolf2slfo757t4h5bhnlauaa2z4mqdou.jpg,340,236
finallysunny.jpeg,340,255
Sowerred.jpeg,340,453
bafkreiavkzuadkjsizjnqzonvtrukoumpicikhobq35ccy2r46rurkmury.jpg,340,255
97Morningcoffee5.jpg,340,453
41Mouseinprofile2.jpg,340,453
240417_morning-coffee_counter.jpg,340,453
12Selfie-5.jpeg,340,382
20b80c15d7.jpg,340,255
bafkreiduwnov34bdc3xg52wcjzdn2ooqkh4mkeace7putoxomvdobz4rpi.jpg,340,255
89941ee665.jpg,340,453
68Needascarf5.jpg,340,442
240114-sydney-opera-house.jpg,340,255
108AnotherviewoftheTempleofStNicholas-yup-------1.jpg,340,254
couplemoreinktobers.jpeg,340,255
32Elementary0.jpg,340,368
240427_maybe-i-should_0.jpg,340,453
Omabreakfasting.jpeg,340,453
bafkreiaist7i2on52yxk7ib74gdi4rter4mwhvgckt7rudxclgxagndlcu.jpg,340,236
221224-lifeguard-tower.jpg,340,255
43Liltree6.jpg,340,453
bafkreiahg6cum5xsy4qti3ezkwkhgdheyihf5puvgopougel25rugnkjta.jpg,340,236
230621-penang-town-hall.jpeg,340,453
240117-misty-sydney-cbd.jpg,340,255
Study1.jpeg,340,453
Indoor-palm.jpeg,340,453
bluemouse.jpeg,340,453
230613-ipoh-french-patisserie.jpeg,340,255
85Atthelibrary6.jpg,340,453
230612-ipoh-shopping.jpeg,340,453
Grocery.jpeg,340,255
35Attheembassy3.jpg,340,465
134ScribblingfromDublincastle--------3.jpg,340,273
Couple.jpeg,340,240
95Scribblingaprofileishard4.jpg,340,453
14Selfie-4.jpeg,340,453
55More-from-around-Angkor-Wat1.jpg,340,255
047539495b.jpg,340,255
22ed8a7c65.jpg,340,453
240402_decided-to-challenge_counter.jpg,340,453
bafkreiawirpmqbgahp6ws3zp3zmadhfuchzyj2iejkxeyy7y2jnmyrrkdq.jpg,340,255
bendigotown.jpeg,340,453
2301_hobart_gpo.jpg,340,255
Coldbrew.jpeg,340,453
19Whiterabbits7.jpg,340,453
Cue.jpeg,340,255
2302_hobart_markets.jpg,340,243
86Flatness3.jpg,340,471
36Financier2.jpg,340,474
230613-ipoh-train-station.jpeg,340,255
Covidtests.jpeg,340,255
uncle_e.jpg,340,453
221225-christmas-at-the-beach.jpg,340,255
123Toooooorists------8.jpg,340,214
keels.jpeg,340,255
bafkreibj7u4rxw6lb2axwlb7yjb3xdhlmkwcdrzzmdobolwur3s4j4u75u.jpg,340,236
113MesittinginthesuninBratislava------c.jpg,340,453
2Yorkedd-1.jpg,340,453
96Mouseinthehouse9.jpg,340,453
28Lockdowndaywhatever5.png,340,452
Gradients_face.jpeg,340,454
30Painpoint4.png,340,453
80Squareeyed8.jpg,340,481
Pidegons.jpeg,340,255
bafkreigkrz3hy7tg2q2sqpw5mvcycerdgzyqndn4niv35ixjr72akhwk6u.jpg,340,255
230614-the-alley.jpeg,340,453
240129-the-knitter.jpeg,340,453
9f975ce5b9.jpg,340,255
64InKualaLumpurafteralongtime7.jpg,340,478
60ReallygettingintoKhmerarchitecture3.jpg,340,248
Annaswindow-2.jpeg,340,255
240508_even-more-uggs_0.jpg,340,453
bafkreid5a5reckocx2qcniwerhdp4dwydfjpxt7t3ffautvykcvtl6yzzy.jpg,340,453
230106-victoria-st-melbourne-cityscape.jpg,340,441
524827789a.jpg,340,453
bafkreifeodtx7x4rdggzyuuqknmbsenqugdvugz57laiq2yv3xuoxttbym.jpg,340,453
ab65b14961.jpg,340,459
4ahoandmaho1.jpg,340,453
221225-surfers-paradise-cityscape.jpg,340,453
5Ku-rvi-Tasch.jpeg,340,453
bafkreickplyzs7xo4bm7sqeaes2jgyxyfhdurrvtvbiffnxfxxkwdzjbdu.jpg,340,255
8cff78b343.jpg,340,453
94Atthebar9.jpg,340,453
Mushy3.jpeg,340,453
231220-melbourne-trams.jpeg,340,255
bafkreiasucistwpt5erdxie6pb6x24nzzaonqi3wkcg5ljofhjrj4qzr24.jpg,340,262
105TryingsomenewcolourcombinationsinBudapest------1.jpg,340,224
230701-kuala-lumpur-last-day.jpeg,340,453
bafkreieyj3wi5k5lzrjdo6wjq52crjdklhvjwypffpblyvon5teuawl37e.jpg,340,255
bafkreibjtz2fmhrr5u2vx74wdrlwhttosouhne4h55mvj4jwsgmjxznxzm.jpg,340,339
Chinbutt.jpeg,340,453
240125-melbourne-trams.jpg,340,453
dodge.jpeg,340,453
70Ghost6.jpg,340,470
6Laksaman.jpeg,340,452
bafkreifjwfiknztnsemjjcyjr7axqxffhh3tsu4asw7x6odc4nbu22nq24.jpg,340,255
b35c6645f6.jpg,340,453
126CouplemorefromKrakow--e.jpg,340,228
Selfie7.jpeg,340,453
Dickinson.jpeg,340,453
29Subjectsstartingtorundry2.jpg,340,299
63Quicklines9.jpg,340,496
Coffeewaiting.jpeg,340,255
f6da0a760a.jpg,340,255
bafkreifzv2lszrui2n4u7276dwojmd4ntagvlpmk35qml3h5f2pbp34mje.jpg,340,453
2302_salamanca_strip.jpg,340,255
bafkreicvajiu2xpie757fg73ryly6pscw5fydnmvjvo3f7mydth5v23xo4.jpg,340,453
58Reflections-on-a-thousand-Buddhas9.jpg,340,459
131Warsawisdamnprettytbh------0.jpg,340,503
230610-petronas.jpeg,340,453
240413_yet-more-phones_counter.jpg,340,453
ad8002b7da.jpg,340,453
240803_flicking-through-my_0.jpg,340,255
240710_had-another-crack_0.jpg,340,255
230620-escaping-the-heat.jpeg,340,453
15Selfie-3.jpeg,340,453
8Selfie-6.jpeg,340,453
2302_port_arthur.jpg,340,255
45IwenttoafarminSiemReap-3.jpg,340,480
230624-langkawi-bay.jpeg,340,254
44ArrivedinBangkok1.jpg,340,435
110TFWyouforgettoleaveenoughroomonthepageforthesteepleofthechurch------1.jpg,340,233
eeb8306561.jpg,340,453
61WalkingalongtheMekong2.jpg,340,453
31Scribblingtomediocrity3.png,340,452
bafkreig5j2vebtrqlkqrdlzsefmjkmlpbnuh62ya5wctgbyzfdq2sw4lwi.jpg,340,255
89Lipsss6.jpg,340,453
117SomekindofministrybuildinginPrague--------7.jpg,340,214
bafkreiemva6yjipucqyw6mmmhfmn4kayggsk4q3lflic3ebawsb4onneii.jpg,340,453
48Reallylovingtheremorque-sinCambodia1.jpg,340,213
bafkreiarifdfezdzscs465pttrxcp6hxfbmxzc3qsoacvoj2ui7szkhanu.jpg,340,255
240418_red-and-yellow_counter.jpg,340,453
d3b8f0afb1.jpg,340,452
24GnT0.jpg,340,453
ec522f97ed.jpg,340,453
4c11f1c672.jpg,340,453
13Sittingbythedockofthebay.jpeg,340,243
bafkreihv22yuyc3hvtid4mhrsqzxuluptakbibhysyhccyjahcc2eroane.jpg,340,255
Tonedmouse.jpeg,340,453
2302_lolli_shop.jpg,340,255
102I-llsingyouasongasongofthesea--------1.jpg,340,340
bafkreifsetrlsr2lamr4joyktj5dffdpkje6hqfp7duxa2gbn3z4xrckey.jpg,340,255
bafkreielepiii3lhuzunv6bhhrgc3kstq2ta7azgks7bywkf3w27gu7ine.jpg,340,255
Singing.jpeg,340,255
54b6324344.jpg,340,453
72Wrinkly3.png,340,453
8f66ee0fc9.jpg,340,453
240711_last-full-day_0.jpg,340,363
56FinallymadeittoAngkorWat3.jpg,340,208
129Beforeandafter--------b.jpg,340,453
22S-rennotS-ren9.jpg,340,453
240718_sitting-in-a_0.jpg,340,453
c6f5344e76.jpg,340,453
de86768dcc.jpg,340,255
sunny-vic-gardens.jpg,340,249
Mouse-again.jpeg,340,453
23DefinitelynotKierkegaard7.jpg,340,453
bafkreic72di6pzk7p3krkcuf42b6wdaf6xmdxdymsy57hnpsnjrye74fxy.jpg,340,453
c6fd065784.jpg,340,255
Midtone-portrait.jpeg,340,453
geelong_pier.jpg,340,238
48887f9617.jpg,340,453
230623-the-hotel.jpeg,340,255
bafkreic275kgovi3vqn3c7xp6kqxv5rrxxncdje7nvoynlqlxe6f73qnmy.jpg,340,453
Hatchingmarket.jpeg,340,255
Sower2.jpeg,340,453
88Omah8.jpg,340,453
Windowswap2.jpeg,340,255
Face-2.jpeg,340,453
atasting.jpeg,340,453
111MorningfromBratislavaCastle--------1.jpg,340,253
Inlila.jpeg,340,453
Pipedin.jpeg,340,453
114LastonefromVienna-BelvederePalace------4.jpg,340,212
bafkreic6qlpz5nkur2g7cagtpirx47ewqmxgesx2yzfurficd47ngynhm4.jpg,340,288
0866e14f37.jpg,340,453
449685c884.jpg,340,453
240507_i-got-a_0.jpg,340,453
1f4ba01297.jpg,340,254
Grandma.jpeg,340,453
against-the-window.jpg,340,453
21Gotanewbrushpen2.jpg,340,453
107LovingthesetreesliningthestreetsinBudapest------0.jpg,340,453
69Christmasmarkets2.jpg,340,234
27Keepsgoing6.jpg,340,442
99GalleFacewiththeportinthebackground------1.jpg,340,255
7Hmph.jpeg,340,461
230110-queen-vic-markets-again.jpg,340,235
240425_its-getting-cold_0.jpg,340,255
103BackinLondonforafewdays------1.jpg,340,539
ff74067ebb.jpg,340,453
0Yorkedagain1.jpg,340,453
Flowerpot-2.jpeg,340,453
231006-mcdonalds-flinders.jpeg,340,453
Cap.jpeg,340,453
240726_some-very-serious_0.jpg,340,255
Phnompenh.jpeg,340,255
bafkreibtxtcpmufmbutpcj45swuxciuxjm4jk6xkz227hrxjwvlpj567zm.jpg,340,255
Abdulrahmansroom.jpeg,340,255
240425_its-getting-cold_1.jpg,340,255
38Britishcarday0.jpg,340,255
Desk.jpeg,340,244
240422_i-scribbled-a_0.jpg,340,255
116DaybythecanalsinVienna------9.jpg,340,221
240725_sending-a-whoooooole_0.jpg,340,255
20Inamood2.jpg,340,453
106Boughtsomeorangecrayons--------4.jpg,340,489
bafkreiej2fcddcozpjn76gq6c4vjkoi77yekzulaacpngbkilpntffk4ri.jpg,340,255
33AtticusPunding5.png,340,452
76af109ba3.jpg,340,453
42Cafecat1.jpg,340,453
bafkreie4agxnzoys3cwrfbgwnhefes2oe4fw3j6y6r3ppatkmnwfvx7mii.jpg,340,255
Fancy.jpeg,340,453
53973A7F-F147-46CB-ADEC-4D01A774C743_1_105_c.jpeg,340,255
240719_pretty-sparkling-day_0.jpg,340,453
62Mmmmmboats1.jpg,340,249
Graphfish.jpeg,340,255
Untitled.jpeg,340,255
83Schucks2.jpg,340,453
2302_hobart_boats.jpg,340,255
9f99c14dbf.jpg,340,255
bafkreia4ssm6lbrlpxoedsh5hmbyqkvbv66wbgptj2r4ymh3itvhkoxf6y.jpg,340,453
16Selfie-2.jpeg,340,453
2020-09-30-13.56.03.jpg,340,255
53DAF7A4-8DEB-403E-B082-51E949B9EB8A_1_105_c.jpeg,340,453
230619-penang-breakfast.jpeg,340,453
bafkreifp6vs6vhbyhgehxt4sl6lkphcgaapqkbfchk64mhtavwvmpfh2cu.jpg,340,453
d3aa0b0ca4.jpg,340,453
c7b08bd764.jpg,340,453
office-still-life-12.jpg,340,255
75Playingwithstylii3.jpg,340,678
118TheOverlookHotelPraguepalace------5.jpg,340,220
22333f115f.jpg,340,453
Flowerpot.jpeg,340,453
240204-blue-earrings.jpeg,340,453
240124-sydney-ferry.jpg,340,453
b0ee13ae4c.jpg,340,453
87c3ebf03a.jpg,340,255
132Sawaguywithpigtailsinhisbeardf.jpg,340,465
59Thinkthere-samonasteryattheendofmystreet0.jpg,340,265
bafkreidcm6czys6c2te4ij3beqgzl2uxpvrgzxvsalr2t63syhdxeoocoa.jpg,340,453
115Waitingfortheartgallerytoopen--------9.jpg,340,219
a1a332fc74.jpg,340,453
70E4BA8B-6459-44BC-874D-7C866B83F903_1_105_c.jpeg,340,255
Notmoving.jpeg,340,453
bafkreihqf3xp5tnmxmb3m27n4qsupj7jcpkhcodia47k42nf2qc76mlmcq.jpg,340,255
11Shannon.jpeg,340,453
Streetcornercafe.jpeg,340,255
0d78144ebd.jpg,340,453
Broadwaterboat.jpeg,340,255
240415_morning-coffee_counter.jpg,340,453
Cafeman.jpeg,340,453
69041e4d81.jpg,340,452
Sleepingbenny.jpeg,340,255
03598547cb.jpg,340,453
109TheclocktowerinBratislava------1.jpg,340,208
82BeenwatchingafairbitofDisney5.jpg,340,497
40Whyarehandssohard-6.jpg,340,453
Light.jpeg,340,453
9d82fa35ac.jpg,340,453
bafkreibv5an37ukpotsuk6ozwz5bnqy36zpv5drj36iqpjyfhgpz5xgedy.jpg,340,255
98Coolglassesbro------3.jpg,340,480
230611-ipoh_coffee.jpeg,340,453
231008_streetball.jpeg,340,453
112BeersbytheriverinBratislava------5.jpg,340,254
fed_sq_ice_cream.jpg,340,255
93Fortrailwaybuses1.jpg,340,255
53AngkorThomtoday3.jpg,340,234
Romewindowsketch.jpeg,340,240
Windowchallenge1.jpeg,340,255
8ca8d8832a.jpg,340,453
2020-10-25-08.17.46.jpg,340,453
101Scream------1.jpg,340,442
230320mouse-in-a-hat.jpg,340,453
fba62392a3.jpg,340,255
26Thespace5.jpg,340,255
240714_escaping-the-hu_0.jpg,340,255
4561_2023_7e4c61a426.jpg,340,453
2202morningpracticeface.jpeg,340,255
Ferry.jpeg,340,255
2c0c21041c.jpg,340,453
104--------1.jpg,340,518
79b78ee6ac.jpg,340,453
bafkreicaxng7rciambfh73mnrvjg66jp7wxw2ra55qnkpsgavtcqjtcgay.jpg,340,469
bafkreidmbjltf2nxbsgigcchdlezt7mlmk27cexlxkgbrewgqeoiuisgoq.jpg,340,255
0c85263293.jpg,340,453
bafkreicr5unhvjhowwbgslkcfbxfaycndnoun5mzsifvbxuzkw7waq4pxe.jpg,340,260
51SomemorefromAngkorThom8.jpg,340,255
2f5ec9184a.jpg,340,255
122AcoupleofdaysbytheVltavariverinPrague------c.jpg,340,230
240714_130013_0.jpg,340,255
marketsagain.jpeg,340,255
d818fe14b0.jpg,340,255
dagger.jpeg,340,241
2302_hobart_harbour.jpg,340,255
240726_food-here-has_0.jpg,340,255
221227-queen-st-mall.jpg,340,255
purple_head.jpg,340,453
Head3.jpeg,340,453
127KrakowKathedral--therearetoomanybuildingstodrawinthiscity------5.jpg,340,453
3Bitexxyd.jpg,340,453
98abf826f2.jpg,340,453
Study2.jpeg,340,453
879fb0c471.jpg,340,453
74Morepotplants8.jpg,340,377
2f484d4367.jpg,340,453
240709_beating-the-heat_0.jpg,340,350
90Gotsomenewcolours9.jpg,340,453
18Selfie-1.jpeg,340,453
100Cat-------1.jpg,340,453
bafkreidom5jvw4ypacxefa2aewm6y5p6bslim76cvylm7cd554lxt6whta.jpg,340,255
231109_scratchy_beard.jpeg,340,453
84Hatman3.jpg,340,453
Arteest.jpeg,340,453
230317_yellow_and_blue.jpg,340,453
Monk.jpeg,340,453
25OhDahvid8.jpg,340,453
1Straussindahausss.png,340,453
0633ff9c88.jpg,340,255
39Doesn-tlikegreentea6.jpg,340,453
2301_quick_twelve_apostles.jpg,340,255
2020-07-08-14.26.59.jpg,340,453
81Ihopeitwilllast8.jpg,340,462
Gogh2.jpeg,340,453
2302_spirit_of_tasmania.jpg,340,255
bafkreidt47phj6q3vqo7ip3jmcatdpzn3jxa2bsun27mwe6hv6g4jhlogu.jpg,340,255
